question,answer,time zone
korner,"In the metaverse, we can control the weather. If we like rainy or sunny, days we can just set it up. I love sunny days on the beach",korner
United States Minor Outlying Islands,It's,Pacific/Midway
Niue,It's,Pacific/Niue
American Samoa,It's,Pacific/Pago_Pago
United States,It's,America/Adak
United States,It's,Pacific/Honolulu
Cook Islands,It's,Pacific/Rarotonga
French Polynesia,It's,Pacific/Tahiti
French Polynesia,It's,Pacific/Marquesas
United States,It's,America/Anchorage
United States,It's,America/Juneau
United States,It's,America/Metlakatla
United States,It's,America/Nome
United States,It's,America/Sitka
United States,It's,America/Yakutat
French Polynesia,It's,Pacific/Gambier
United States,It's,America/Los_Angeles
Mexico,It's,America/Tijuana
Canada,It's,America/Vancouver
Pitcairn,It's,Pacific/Pitcairn
United States,It's,America/Boise
Canada,It's,America/Cambridge_Bay
Mexico,It's,America/Chihuahua
Canada,It's,America/Creston
Canada,It's,America/Dawson
Canada,It's,America/Dawson_Creek
United States,It's,America/Denver
Canada,It's,America/Edmonton
Canada,It's,America/Fort_Nelson
Mexico,It's,America/Hermosillo
Canada,It's,America/Inuvik
Mexico,It's,America/Mazatlan
Mexico,It's,America/Ojinaga
United States,It's,America/Phoenix
Canada,It's,America/Whitehorse
Canada,It's,America/Yellowknife
Mexico,It's,America/Bahia_Banderas
Belize,It's,America/Belize
United States,It's,America/Chicago
Costa Rica,It's,America/Costa_Rica
El Salvador,It's,America/El_Salvador
Guatemala,It's,America/Guatemala
United States,It's,America/Indiana/Knox
United States,It's,America/Indiana/Tell_City
Nicaragua,It's,America/Managua
Mexico,It's,America/Matamoros
United States,It's,America/Menominee
Mexico,It's,America/Merida
Mexico,It's,America/Mexico_City
Mexico,It's,America/Monterrey
United States,It's,America/North_Dakota/Beulah
United States,It's,America/North_Dakota/Center
United States,It's,America/North_Dakota/New_Salem
Canada,It's,America/Rainy_River
Canada,It's,America/Rankin_Inlet
Canada,It's,America/Regina
Canada,It's,America/Resolute
Canada,It's,America/Swift_Current
Honduras,It's,America/Tegucigalpa
Canada,It's,America/Winnipeg
Chile,It's,Pacific/Easter
Ecuador,It's,Pacific/Galapagos
Canada,It's,America/Atikokan
Colombia,It's,America/Bogota
Mexico,It's,America/Cancun
Cayman Islands,It's,America/Cayman
United States,It's,America/Detroit
Brazil,It's,America/Eirunepe
Turks and Caicos Islands,It's,America/Grand_Turk
Ecuador,It's,America/Guayaquil
Cuba,It's,America/Havana
United States,It's,America/Indiana/Indianapolis
United States,It's,America/Indiana/Marengo
United States,It's,America/Indiana/Petersburg
United States,It's,America/Indiana/Vevay
United States,It's,America/Indiana/Vincennes
United States,It's,America/Indiana/Winamac
Canada,It's,America/Iqaluit
Jamaica,It's,America/Jamaica
United States,It's,America/Kentucky/Louisville
United States,It's,America/Kentucky/Monticello
Peru,It's,America/Lima
Bahamas,It's,America/Nassau
United States,It's,America/New_York
Canada,It's,America/Nipigon
Panama,It's,America/Panama
Canada,It's,America/Pangnirtung
Haiti,It's,America/Port-au-Prince
Brazil,It's,America/Rio_Branco
Canada,It's,America/Thunder_Bay
Canada,It's,America/Toronto
Anguilla,It's,America/Anguilla
Antigua and Barbuda,It's,America/Antigua
Aruba,It's,America/Aruba
Paraguay,It's,America/Asuncion
Barbados,It's,America/Barbados
Canada,It's,America/Blanc-Sablon
Brazil,It's,America/Boa_Vista
Brazil,It's,America/Campo_Grande
Venezuela,It's,America/Caracas
Brazil,It's,America/Cuiaba
Curacao,It's,America/Curacao
Dominica,It's,America/Dominica
Canada,It's,America/Glace_Bay
Canada,It's,America/Goose_Bay
Grenada,It's,America/Grenada
Guadeloupe,It's,America/Guadeloupe
Guyana,It's,America/Guyana
Canada,It's,America/Halifax
"Bonaire, Saint Eustatius and Saba",It's,America/Kralendijk
Bolivia,It's,America/La_Paz
Sint Maarten,It's,America/Lower_Princes
Brazil,It's,America/Manaus
Saint Martin,It's,America/Marigot
Martinique,It's,America/Martinique
Canada,It's,America/Moncton
Montserrat,It's,America/Montserrat
Brazil,It's,America/Porto_Velho
Trinidad and Tobago,It's,America/Port_of_Spain
Puerto Rico,It's,America/Puerto_Rico
Chile,It's,America/Santiago
Dominican Republic,It's,America/Santo_Domingo
Saint Barthelemy,It's,America/St_Barthelemy
Saint Kitts and Nevis,It's,America/St_Kitts
Saint Lucia,It's,America/St_Lucia
U.S. Virgin Islands,It's,America/St_Thomas
Saint Vincent and the Grenadines,It's,America/St_Vincent
Greenland,It's,America/Thule
British Virgin Islands,It's,America/Tortola
Bermuda,It's,Atlantic/Bermuda
Canada,It's,America/St_Johns
Brazil,It's,America/Araguaina
Argentina,It's,America/Argentina/Buenos_Aires
Argentina,It's,America/Argentina/Catamarca
Argentina,It's,America/Argentina/Cordoba
Argentina,It's,America/Argentina/Jujuy
Argentina,It's,America/Argentina/La_Rioja
Argentina,It's,America/Argentina/Mendoza
Argentina,It's,America/Argentina/Rio_Gallegos
Argentina,It's,America/Argentina/Salta
Argentina,It's,America/Argentina/San_Juan
Argentina,It's,America/Argentina/San_Luis
Argentina,It's,America/Argentina/Tucuman
Argentina,It's,America/Argentina/Ushuaia
Brazil,It's,America/Bahia
Brazil,It's,America/Belem
French Guiana,It's,America/Cayenne
Brazil,It's,America/Fortaleza
Greenland,It's,America/Godthab
Brazil,It's,America/Maceio
Saint Pierre and Miquelon,It's,America/Miquelon
Uruguay,It's,America/Montevideo
Suriname,It's,America/Paramaribo
Chile,It's,America/Punta_Arenas
Brazil,It's,America/Recife
Brazil,It's,America/Santarem
Brazil,It's,America/Sao_Paulo
Antarctica,It's,Antarctica/Palmer
Antarctica,It's,Antarctica/Rothera
Falkland Islands,It's,Atlantic/Stanley
Brazil,It's,America/Noronha
South Georgia and the South Sandwich Islands,It's,Atlantic/South_Georgia
Greenland,It's,America/Scoresbysund
Portugal,It's,Atlantic/Azores
Cabo Verde,It's,Atlantic/Cape_Verde
Ivory Coast,It's,Africa/Abidjan
Ghana,It's,Africa/Accra
Mali,It's,Africa/Bamako
Gambia,It's,Africa/Banjul
Guinea-Bissau,It's,Africa/Bissau
Morocco,It's,Africa/Casablanca
Guinea,It's,Africa/Conakry
Senegal,It's,Africa/Dakar
Western Sahara,It's,Africa/El_Aaiun
Sierra Leone,It's,Africa/Freetown
Togo,It's,Africa/Lome
Liberia,It's,Africa/Monrovia
Mauritania,It's,Africa/Nouakchott
Burkina Faso,It's,Africa/Ouagadougou
Sao Tome and Principe,It's,Africa/Sao_Tome
Greenland,It's,America/Danmarkshavn
Antarctica,It's,Antarctica/Troll
Spain,It's,Atlantic/Canary
Faroe Islands,It's,Atlantic/Faroe
Portugal,It's,Atlantic/Madeira
Iceland,It's,Atlantic/Reykjavik
Saint Helena,It's,Atlantic/St_Helena
Ireland,It's,Europe/Dublin
Guernsey,It's,Europe/Guernsey
Isle of Man,It's,Europe/Isle_of_Man
Jersey,It's,Europe/Jersey
Portugal,It's,Europe/Lisbon
United Kingdom,It's,Europe/London
Algeria,It's,Africa/Algiers
Central African Republic,It's,Africa/Bangui
Republic of the Congo,It's,Africa/Brazzaville
Spain,It's,Africa/Ceuta
Cameroon,It's,Africa/Douala
Democratic Republic of the Congo,It's,Africa/Kinshasa
Nigeria,It's,Africa/Lagos
Gabon,It's,Africa/Libreville
Angola,It's,Africa/Luanda
Equatorial Guinea,It's,Africa/Malabo
Chad,It's,Africa/Ndjamena
Niger,It's,Africa/Niamey
Benin,It's,Africa/Porto-Novo
Tunisia,It's,Africa/Tunis
Namibia,It's,Africa/Windhoek
Svalbard and Jan Mayen,It's,Arctic/Longyearbyen
Netherlands,It's,Europe/Amsterdam
Andorra,It's,Europe/Andorra
Serbia,It's,Europe/Belgrade
Germany,It's,Europe/Berlin
Slovakia,It's,Europe/Bratislava
Belgium,It's,Europe/Brussels
Hungary,It's,Europe/Budapest
Denmark,It's,Europe/Copenhagen
Gibraltar,It's,Europe/Gibraltar
Slovenia,It's,Europe/Ljubljana
Luxembourg,It's,Europe/Luxembourg
Spain,It's,Europe/Madrid
Malta,It's,Europe/Malta
Monaco,It's,Europe/Monaco
Norway,It's,Europe/Oslo
France,It's,Europe/Paris
Montenegro,It's,Europe/Podgorica
Czechia,It's,Europe/Prague
Italy,It's,Europe/Rome
San Marino,It's,Europe/San_Marino
Bosnia and Herzegovina,It's,Europe/Sarajevo
North Macedonia,It's,Europe/Skopje
Sweden,It's,Europe/Stockholm
Albania,It's,Europe/Tirane
Liechtenstein,It's,Europe/Vaduz
Vatican,It's,Europe/Vatican
Austria,It's,Europe/Vienna
Poland,It's,Europe/Warsaw
Croatia,It's,Europe/Zagreb
Switzerland,It's,Europe/Zurich
Malawi,It's,Africa/Blantyre
Burundi,It's,Africa/Bujumbura
Egypt,It's,Africa/Cairo
Botswana,It's,Africa/Gaborone
Zimbabwe,It's,Africa/Harare
South Africa,It's,Africa/Johannesburg
South Sudan,It's,Africa/Juba
Sudan,It's,Africa/Khartoum
Rwanda,It's,Africa/Kigali
Democratic Republic of the Congo,It's,Africa/Lubumbashi
Zambia,It's,Africa/Lusaka
Mozambique,It's,Africa/Maputo
Lesotho,It's,Africa/Maseru
Eswatini,It's,Africa/Mbabane
Libya,It's,Africa/Tripoli
Jordan,It's,Asia/Amman
Lebanon,It's,Asia/Beirut
Syria,It's,Asia/Damascus
Cyprus,It's,Asia/Famagusta
Palestinian Territory,It's,Asia/Gaza
Palestinian Territory,It's,Asia/Hebron
Israel,It's,Asia/Jerusalem
Cyprus,It's,Asia/Nicosia
Greece,It's,Europe/Athens
Romania,It's,Europe/Bucharest
Moldova,It's,Europe/Chisinau
Finland,It's,Europe/Helsinki
Russia,It's,Europe/Kaliningrad
Ukraine,It's,Europe/Kiev
Aland Islands,It's,Europe/Mariehamn
Latvia,It's,Europe/Riga
Bulgaria,It's,Europe/Sofia
Estonia,It's,Europe/Tallinn
Ukraine,It's,Europe/Uzhgorod
Lithuania,It's,Europe/Vilnius
Ukraine,It's,Europe/Zaporozhye
Ethiopia,It's,Africa/Addis_Ababa
Eritrea,It's,Africa/Asmara
Tanzania,It's,Africa/Dar_es_Salaam
Djibouti,It's,Africa/Djibouti
Uganda,It's,Africa/Kampala
Somalia,It's,Africa/Mogadishu
Kenya,It's,Africa/Nairobi
Antarctica,It's,Antarctica/Syowa
Yemen,It's,Asia/Aden
Iraq,It's,Asia/Baghdad
Bahrain,It's,Asia/Bahrain
Kuwait,It's,Asia/Kuwait
Qatar,It's,Asia/Qatar
Saudi Arabia,It's,Asia/Riyadh
Turkey,It's,Europe/Istanbul
Russia,It's,Europe/Kirov
Belarus,It's,Europe/Minsk
Russia,It's,Europe/Moscow
Russia,It's,Europe/Simferopol
Russia,It's,Europe/Volgograd
Madagascar,It's,Indian/Antananarivo
Comoros,It's,Indian/Comoro
Mayotte,It's,Indian/Mayotte
Iran,It's,Asia/Tehran
Azerbaijan,It's,Asia/Baku
United Arab Emirates,It's,Asia/Dubai
Oman,It's,Asia/Muscat
Georgia,It's,Asia/Tbilisi
Armenia,It's,Asia/Yerevan
Russia,It's,Europe/Astrakhan
Russia,It's,Europe/Samara
Russia,It's,Europe/Saratov
Russia,It's,Europe/Ulyanovsk
Seychelles,It's,Indian/Mahe
Mauritius,It's,Indian/Mauritius
Reunion,It's,Indian/Reunion
Afghanistan,It's,Asia/Kabul
Antarctica,It's,Antarctica/Mawson
Kazakhstan,It's,Asia/Aqtau
Kazakhstan,It's,Asia/Aqtobe
Turkmenistan,It's,Asia/Ashgabat
Kazakhstan,It's,Asia/Atyrau
Tajikistan,It's,Asia/Dushanbe
Pakistan,It's,Asia/Karachi
Kazakhstan,It's,Asia/Oral
Kazakhstan,It's,Asia/Qyzylorda
Uzbekistan,It's,Asia/Samarkand
Uzbekistan,It's,Asia/Tashkent
Russia,It's,Asia/Yekaterinburg
French Southern Territories,It's,Indian/Kerguelen
Maldives,It's,Indian/Maldives
Sri Lanka,It's,Asia/Colombo
India,It's,Asia/Kolkata
Nepal,It's,Asia/Kathmandu
Antarctica,It's,Antarctica/Vostok
Kazakhstan,It's,Asia/Almaty
Kyrgyzstan,It's,Asia/Bishkek
Bangladesh,It's,Asia/Dhaka
Russia,It's,Asia/Omsk
Kazakhstan,It's,Asia/Qostanay
Bhutan,It's,Asia/Thimphu
China,It's,Asia/Urumqi
British Indian Ocean Territory,It's,Indian/Chagos
Myanmar,It's,Asia/Yangon
Cocos Islands,It's,Indian/Cocos
Antarctica,It's,Antarctica/Davis
Thailand,It's,Asia/Bangkok
Russia,It's,Asia/Barnaul
Mongolia,It's,Asia/Hovd
Vietnam,It's,Asia/Ho_Chi_Minh
Indonesia,It's,Asia/Jakarta
Russia,It's,Asia/Krasnoyarsk
Russia,It's,Asia/Novokuznetsk
Russia,It's,Asia/Novosibirsk
Cambodia,It's,Asia/Phnom_Penh
Indonesia,It's,Asia/Pontianak
Russia,It's,Asia/Tomsk
Laos,It's,Asia/Vientiane
Christmas Island,It's,Indian/Christmas
Brunei,It's,Asia/Brunei
Mongolia,It's,Asia/Choibalsan
Hong Kong,It's,Asia/Hong_Kong
Russia,It's,Asia/Irkutsk
Malaysia,It's,Asia/Kuala_Lumpur
Malaysia,It's,Asia/Kuching
Macao,It's,Asia/Macau
Indonesia,It's,Asia/Makassar
Philippines,It's,Asia/Manila
China,It's,Asia/Shanghai
Singapore,It's,Asia/Singapore
Taiwan,It's,Asia/Taipei
Mongolia,It's,Asia/Ulaanbaatar
Australia,It's,Australia/Perth
Australia,It's,Australia/Eucla
Russia,It's,Asia/Chita
Timor Leste,It's,Asia/Dili
Indonesia,It's,Asia/Jayapura
Russia,It's,Asia/Khandyga
North Korea,It's,Asia/Pyongyang
South Korea,It's,Asia/Seoul
Japan,It's,Asia/Tokyo
Russia,It's,Asia/Yakutsk
Palau,It's,Pacific/Palau
Australia,It's,Australia/Adelaide
Australia,It's,Australia/Broken_Hill
Australia,It's,Australia/Darwin
Antarctica,It's,Antarctica/DumontDUrville
Australia,It's,Antarctica/Macquarie
Russia,It's,Asia/Ust-Nera
Russia,It's,Asia/Vladivostok
Australia,It's,Australia/Brisbane
Australia,It's,Australia/Currie
Australia,It's,Australia/Hobart
Australia,It's,Australia/Lindeman
Australia,It's,Australia/Melbourne
Australia,It's,Australia/Sydney
Micronesia,It's,Pacific/Chuuk
Guam,It's,Pacific/Guam
Papua New Guinea,It's,Pacific/Port_Moresby
Northern Mariana Islands,It's,Pacific/Saipan
Australia,It's,Australia/Lord_Howe
Antarctica,It's,Antarctica/Casey
Russia,It's,Asia/Magadan
Russia,It's,Asia/Sakhalin
Russia,It's,Asia/Srednekolymsk
Papua New Guinea,It's,Pacific/Bougainville
Vanuatu,It's,Pacific/Efate
Solomon Islands,It's,Pacific/Guadalcanal
Micronesia,It's,Pacific/Kosrae
Norfolk Island,It's,Pacific/Norfolk
New Caledonia,It's,Pacific/Noumea
Micronesia,It's,Pacific/Pohnpei
Antarctica,It's,Antarctica/McMurdo
Russia,It's,Asia/Anadyr
Russia,It's,Asia/Kamchatka
New Zealand,It's,Pacific/Auckland
Fiji,It's,Pacific/Fiji
Tuvalu,It's,Pacific/Funafuti
Marshall Islands,It's,Pacific/Kwajalein
Marshall Islands,It's,Pacific/Majuro
Nauru,It's,Pacific/Nauru
Kiribati,It's,Pacific/Tarawa
United States Minor Outlying Islands,It's,Pacific/Wake
Wallis and Futuna,It's,Pacific/Wallis
New Zealand,It's,Pacific/Chatham
Samoa,It's,Pacific/Apia
Kiribati,It's,Pacific/Enderbury
Tokelau,It's,Pacific/Fakaofo
Tonga,It's,Pacific/Tongatapu
Kiribati,It's,Pacific/Kiritimati
Alofi,It's,Pacific/Niue
Pago Pago,It's,Pacific/Pago_Pago
 Tāfuna,It's,Pacific/Pago_Pago
 Ta`ū,It's,Pacific/Pago_Pago
 Taulaga,It's,Pacific/Pago_Pago
Honolulu,It's,Pacific/Honolulu
 East Honolulu,It's,Pacific/Honolulu
 Pearl City,It's,Pacific/Honolulu
 Hilo,It's,Pacific/Honolulu
 Kailua,It's,Pacific/Honolulu
Avarua,It's,Pacific/Rarotonga
Faaa,It's,Pacific/Tahiti
 Papeete,It's,Pacific/Tahiti
 Punaauia,It's,Pacific/Tahiti
 Pirae,It's,Pacific/Tahiti
 Mahina,It's,Pacific/Tahiti
Taiohae,It's,Pacific/Marquesas
Anchorage,It's,America/Anchorage
 Fairbanks,It's,America/Anchorage
 Eagle River,It's,America/Anchorage
 Badger,It's,America/Anchorage
 Knik-Fairview,It's,America/Anchorage
Juneau,It's,America/Juneau
Sitka,It's,America/Sitka
 Ketchikan,It's,America/Sitka
Los Angeles,It's,America/Los_Angeles
 San Diego,It's,America/Los_Angeles
 San Jose,It's,America/Los_Angeles
 San Francisco,It's,America/Los_Angeles
 Seattle,It's,America/Los_Angeles
Tijuana,It's,America/Tijuana
 Mexicali,It's,America/Tijuana
 Ensenada,It's,America/Tijuana
 Rosarito,It's,America/Tijuana
 Tecate,It's,America/Tijuana
Vancouver,It's,America/Vancouver
 Surrey,It's,America/Vancouver
 Okanagan,It's,America/Vancouver
 Victoria,It's,America/Vancouver
 Burnaby,It's,America/Vancouver
Adamstown,It's,Pacific/Pitcairn
Boise,It's,America/Boise
 Meridian,It's,America/Boise
 Nampa,It's,America/Boise
 Idaho Falls,It's,America/Boise
 Pocatello,It's,America/Boise
Chihuahua,It's,America/Chihuahua
 Ciudad Delicias,It's,America/Chihuahua
 Cuauhtémoc,It's,America/Chihuahua
 Parral,It's,America/Chihuahua
 Nuevo Casas Grandes,It's,America/Chihuahua
Fort St. John,It's,America/Dawson_Creek
 Dawson Creek,It's,America/Dawson_Creek
Denver,It's,America/Denver
 El Paso,It's,America/Denver
 Albuquerque,It's,America/Denver
 Colorado Springs,It's,America/Denver
 Aurora,It's,America/Denver
Calgary,It's,America/Edmonton
 Edmonton,It's,America/Edmonton
 Fort McMurray,It's,America/Edmonton
 Red Deer,It's,America/Edmonton
 Lethbridge,It's,America/Edmonton
Hermosillo,It's,America/Hermosillo
 Ciudad Obregón,It's,America/Hermosillo
 Nogales,It's,America/Hermosillo
 San Luis Río Colorado,It's,America/Hermosillo
 Navojoa,It's,America/Hermosillo
Culiacán,It's,America/Mazatlan
 Mazatlán,It's,America/Mazatlan
 Tepic,It's,America/Mazatlan
 Los Mochis,It's,America/Mazatlan
 La Paz,It's,America/Mazatlan
Ciudad Juárez,It's,America/Ojinaga
 Manuel Ojinaga,It's,America/Ojinaga
 Ojinaga,It's,America/Ojinaga
Phoenix,It's,America/Phoenix
 Tucson,It's,America/Phoenix
 Mesa,It's,America/Phoenix
 Chandler,It's,America/Phoenix
 Gilbert,It's,America/Phoenix
Whitehorse,It's,America/Whitehorse
Yellowknife,It's,America/Yellowknife
Mezcales,It's,America/Bahia_Banderas
 San Vicente,It's,America/Bahia_Banderas
 Bucerías,It's,America/Bahia_Banderas
 Valle de Banderas,It's,America/Bahia_Banderas
Belize City,It's,America/Belize
 San Ignacio,It's,America/Belize
 Orange Walk,It's,America/Belize
 Belmopan,It's,America/Belize
 Dangriga,It's,America/Belize
Chicago,It's,America/Chicago
 Houston,It's,America/Chicago
 San Antonio,It's,America/Chicago
 Dallas,It's,America/Chicago
 Austin,It's,America/Chicago
San José,It's,America/Costa_Rica
 Limón,It's,America/Costa_Rica
 San Francisco,It's,America/Costa_Rica
 Alajuela,It's,America/Costa_Rica
 Liberia,It's,America/Costa_Rica
San Salvador,It's,America/El_Salvador
 Soyapango,It's,America/El_Salvador
 Santa Ana,It's,America/El_Salvador
 San Miguel,It's,America/El_Salvador
 Mejicanos,It's,America/El_Salvador
Guatemala City,It's,America/Guatemala
 Mixco,It's,America/Guatemala
 Villa Nueva,It's,America/Guatemala
 Petapa,It's,America/Guatemala
 San Juan Sacatepéquez,It's,America/Guatemala
Tell City,It's,America/Indiana/Tell_City
Managua,It's,America/Managua
 León,It's,America/Managua
 Masaya,It's,America/Managua
 Chinandega,It's,America/Managua
 Matagalpa,It's,America/Managua
Reynosa,It's,America/Matamoros
 Heroica Matamoros,It's,America/Matamoros
 Nuevo Laredo,It's,America/Matamoros
 Piedras Negras,It's,America/Matamoros
 Ciudad Acuña,It's,America/Matamoros
Menominee,It's,America/Menominee
 Iron Mountain,It's,America/Menominee
 Kingsford,It's,America/Menominee
 Ironwood,It's,America/Menominee
 Iron River,It's,America/Menominee
Mérida,It's,America/Merida
 Campeche,It's,America/Merida
 Ciudad del Carmen,It's,America/Merida
 Kanasín,It's,America/Merida
 Valladolid,It's,America/Merida
Mexico City,It's,America/Mexico_City
 Iztapalapa,It's,America/Mexico_City
 Ecatepec de Morelos,It's,America/Mexico_City
 Guadalajara,It's,America/Mexico_City
 Puebla,It's,America/Mexico_City
Monterrey,It's,America/Monterrey
 Saltillo,It's,America/Monterrey
 Guadalupe,It's,America/Monterrey
 Torreón,It's,America/Monterrey
 Victoria de Durango,It's,America/Monterrey
Mandan,It's,America/North_Dakota/New_Salem
Saskatoon,It's,America/Regina
 Regina,It's,America/Regina
 Prince Albert,It's,America/Regina
 Moose Jaw,It's,America/Regina
 North Battleford,It's,America/Regina
Swift Current,It's,America/Swift_Current
Tegucigalpa,It's,America/Tegucigalpa
 San Pedro Sula,It's,America/Tegucigalpa
 Choloma,It's,America/Tegucigalpa
 La Ceiba,It's,America/Tegucigalpa
 El Progreso,It's,America/Tegucigalpa
Winnipeg,It's,America/Winnipeg
 Brandon,It's,America/Winnipeg
 Kenora,It's,America/Winnipeg
 Portage la Prairie,It's,America/Winnipeg
 Thompson,It's,America/Winnipeg
Puerto Ayora,It's,Pacific/Galapagos
 Puerto Baquerizo Moreno,It's,Pacific/Galapagos
Bogotá,It's,America/Bogota
 Cali,It's,America/Bogota
 Medellín,It's,America/Bogota
 Barranquilla,It's,America/Bogota
 Cartagena,It's,America/Bogota
Cancún,It's,America/Cancun
 Chetumal,It's,America/Cancun
 Playa del Carmen,It's,America/Cancun
 Cozumel,It's,America/Cancun
 Felipe Carrillo Puerto,It's,America/Cancun
George Town,It's,America/Cayman
 West Bay,It's,America/Cayman
 Bodden Town,It's,America/Cayman
 East End,It's,America/Cayman
 North Side,It's,America/Cayman
Detroit,It's,America/Detroit
 Grand Rapids,It's,America/Detroit
 Warren,It's,America/Detroit
 Sterling Heights,It's,America/Detroit
 Ann Arbor,It's,America/Detroit
Eirunepé,It's,America/Eirunepe
 Benjamin Constant,It's,America/Eirunepe
 Envira,It's,America/Eirunepe
Cockburn Town,It's,America/Grand_Turk
Guayaquil,It's,America/Guayaquil
 Quito,It's,America/Guayaquil
 Cuenca,It's,America/Guayaquil
 Santo Domingo de los Colorados,It's,America/Guayaquil
 Machala,It's,America/Guayaquil
Havana,It's,America/Havana
 Santiago de Cuba,It's,America/Havana
 Camagüey,It's,America/Havana
 Holguín,It's,America/Havana
 Guantánamo,It's,America/Havana
Indianapolis,It's,America/Indiana/Indianapolis
 Fort Wayne,It's,America/Indiana/Indianapolis
 South Bend,It's,America/Indiana/Indianapolis
 Carmel,It's,America/Indiana/Indianapolis
 Bloomington,It's,America/Indiana/Indianapolis
Vincennes,It's,America/Indiana/Vincennes
 Jasper,It's,America/Indiana/Vincennes
 Washington,It's,America/Indiana/Vincennes
 Huntingburg,It's,America/Indiana/Vincennes
Iqaluit,It's,America/Iqaluit
Kingston,It's,America/Jamaica
 New Kingston,It's,America/Jamaica
 Spanish Town,It's,America/Jamaica
 Portmore,It's,America/Jamaica
 Montego Bay,It's,America/Jamaica
Louisville,It's,America/Kentucky/Louisville
 Jeffersonville,It's,America/Kentucky/Louisville
 New Albany,It's,America/Kentucky/Louisville
 Jeffersontown,It's,America/Kentucky/Louisville
 Pleasure Ridge Park,It's,America/Kentucky/Louisville
Monticello,It's,America/Kentucky/Monticello
Lima,It's,America/Lima
 Arequipa,It's,America/Lima
 Callao,It's,America/Lima
 Trujillo,It's,America/Lima
 Chiclayo,It's,America/Lima
Nassau,It's,America/Nassau
 Lucaya,It's,America/Nassau
 Freeport,It's,America/Nassau
 West End,It's,America/Nassau
 Cooper’s Town,It's,America/Nassau
New York City,It's,America/New_York
 Brooklyn,It's,America/New_York
 Queens,It's,America/New_York
 Philadelphia,It's,America/New_York
 Manhattan,It's,America/New_York
Panamá,It's,America/Panama
 San Miguelito,It's,America/Panama
 Juan Díaz,It's,America/Panama
 David,It's,America/Panama
 Arraiján,It's,America/Panama
Port-au-Prince,It's,America/Port-au-Prince
 Carrefour,It's,America/Port-au-Prince
 Delmas 73,It's,America/Port-au-Prince
 Pétionville,It's,America/Port-au-Prince
 Port-de-Paix,It's,America/Port-au-Prince
Rio Branco,It's,America/Rio_Branco
 Cruzeiro do Sul,It's,America/Rio_Branco
 Sena Madureira,It's,America/Rio_Branco
 Tarauacá,It's,America/Rio_Branco
 Feijó,It's,America/Rio_Branco
Thunder Bay,It's,America/Thunder_Bay
Toronto,It's,America/Toronto
 Montréal,It's,America/Toronto
 Ottawa,It's,America/Toronto
 Mississauga,It's,America/Toronto
 Québec,It's,America/Toronto
The Valley,It's,America/Anguilla
 Blowing Point Village,It's,America/Anguilla
 Sandy Ground Village,It's,America/Anguilla
 The Quarter,It's,America/Anguilla
 Sandy Hill,It's,America/Anguilla
Saint John’s,It's,America/Antigua
 Piggotts,It's,America/Antigua
 Bolands,It's,America/Antigua
 Codrington,It's,America/Antigua
 Parham,It's,America/Antigua
Oranjestad,It's,America/Aruba
 Tanki Leendert,It's,America/Aruba
 San Nicolas,It's,America/Aruba
 Santa Cruz,It's,America/Aruba
 Paradera,It's,America/Aruba
Asunción,It's,America/Asuncion
 Ciudad del Este,It's,America/Asuncion
 San Lorenzo,It's,America/Asuncion
 Capiatá,It's,America/Asuncion
 Lambaré,It's,America/Asuncion
Bridgetown,It's,America/Barbados
 Speightstown,It's,America/Barbados
 Oistins,It's,America/Barbados
 Bathsheba,It's,America/Barbados
 Holetown,It's,America/Barbados
Lévis,It's,America/Blanc-Sablon
Boa Vista,It's,America/Boa_Vista
Campo Grande,It's,America/Campo_Grande
 Dourados,It's,America/Campo_Grande
 Corumbá,It's,America/Campo_Grande
 Três Lagoas,It's,America/Campo_Grande
 Ponta Porã,It's,America/Campo_Grande
Caracas,It's,America/Caracas
 Maracaibo,It's,America/Caracas
 Maracay,It's,America/Caracas
 Valencia,It's,America/Caracas
 Barquisimeto,It's,America/Caracas
Cuiabá,It's,America/Cuiaba
 Várzea Grande,It's,America/Cuiaba
 Rondonópolis,It's,America/Cuiaba
 Sinop,It's,America/Cuiaba
 Barra do Garças,It's,America/Cuiaba
Willemstad,It's,America/Curacao
 Sint Michiel Liber,It's,America/Curacao
Roseau,It's,America/Dominica
 Portsmouth,It's,America/Dominica
 Berekua,It's,America/Dominica
 Saint Joseph,It's,America/Dominica
 Wesley,It's,America/Dominica
Sydney,It's,America/Glace_Bay
 Glace Bay,It's,America/Glace_Bay
 Sydney Mines,It's,America/Glace_Bay
Labrador City,It's,America/Goose_Bay
 Happy Valley-Goose Bay,It's,America/Goose_Bay
Saint George's,It's,America/Grenada
 Gouyave,It's,America/Grenada
 Grenville,It's,America/Grenada
 Victoria,It's,America/Grenada
 Saint David’s,It's,America/Grenada
Les Abymes,It's,America/Guadeloupe
 Baie-Mahault,It's,America/Guadeloupe
 Le Gosier,It's,America/Guadeloupe
 Petit-Bourg,It's,America/Guadeloupe
 Sainte-Anne,It's,America/Guadeloupe
Georgetown,It's,America/Guyana
 Linden,It's,America/Guyana
 New Amsterdam,It's,America/Guyana
 Anna Regina,It's,America/Guyana
 Bartica,It's,America/Guyana
Halifax,It's,America/Halifax
 Dartmouth,It's,America/Halifax
 Charlottetown,It's,America/Halifax
 Lower Sackville,It's,America/Halifax
 Truro,It's,America/Halifax
Kralendijk,It's,America/Kralendijk
 Oranjestad,It's,America/Kralendijk
 The Bottom,It's,America/Kralendijk
Santa Cruz de la Sierra,It's,America/La_Paz
 Cochabamba,It's,America/La_Paz
 La Paz,It's,America/La_Paz
 Sucre,It's,America/La_Paz
 Oruro,It's,America/La_Paz
Cul de Sac,It's,America/Lower_Princes
 Lower Prince’s Quarter,It's,America/Lower_Princes
 Koolbaai,It's,America/Lower_Princes
 Philipsburg,It's,America/Lower_Princes
Manaus,It's,America/Manaus
 Itacoatiara,It's,America/Manaus
 Parintins,It's,America/Manaus
 Manacapuru,It's,America/Manaus
 Coari,It's,America/Manaus
Marigot,It's,America/Marigot
Fort-de-France,It's,America/Martinique
 Le Lamentin,It's,America/Martinique
 Le Robert,It's,America/Martinique
 Sainte-Marie,It's,America/Martinique
 Le François,It's,America/Martinique
Moncton,It's,America/Moncton
 Saint John,It's,America/Moncton
 Fredericton,It's,America/Moncton
 Dieppe,It's,America/Moncton
 Miramichi,It's,America/Moncton
Brades,It's,America/Montserrat
 Saint Peters,It's,America/Montserrat
 Plymouth,It's,America/Montserrat
Porto Velho,It's,America/Porto_Velho
 Ji Paraná,It's,America/Porto_Velho
 Vilhena,It's,America/Porto_Velho
 Ariquemes,It's,America/Porto_Velho
 Cacoal,It's,America/Porto_Velho
Chaguanas,It's,America/Port_of_Spain
 Mon Repos,It's,America/Port_of_Spain
 San Fernando,It's,America/Port_of_Spain
 Port of Spain,It's,America/Port_of_Spain
 Rio Claro,It's,America/Port_of_Spain
San Juan,It's,America/Puerto_Rico
 Bayamón,It's,America/Puerto_Rico
 Carolina,It's,America/Puerto_Rico
 Ponce,It's,America/Puerto_Rico
 Caguas,It's,America/Puerto_Rico
Santiago,It's,America/Santiago
 Puente Alto,It's,America/Santiago
 Antofagasta,It's,America/Santiago
 Viña del Mar,It's,America/Santiago
 Valparaíso,It's,America/Santiago
Santo Domingo,It's,America/Santo_Domingo
 Santiago de los Caballeros,It's,America/Santo_Domingo
 Santo Domingo Oeste,It's,America/Santo_Domingo
 Santo Domingo Este,It's,America/Santo_Domingo
 San Pedro de Macorís,It's,America/Santo_Domingo
Gustavia,It's,America/St_Barthelemy
Basseterre,It's,America/St_Kitts
 Fig Tree,It's,America/St_Kitts
 Market Shop,It's,America/St_Kitts
 Saint Paul’s,It's,America/St_Kitts
 Middle Island,It's,America/St_Kitts
Castries,It's,America/St_Lucia
 Bisee,It's,America/St_Lucia
 Vieux Fort,It's,America/St_Lucia
 Micoud,It's,America/St_Lucia
 Soufrière,It's,America/St_Lucia
Saint Croix,It's,America/St_Thomas
 Charlotte Amalie,It's,America/St_Thomas
 Cruz Bay,It's,America/St_Thomas
Kingstown,It's,America/St_Vincent
 Kingstown Park,It's,America/St_Vincent
 Georgetown,It's,America/St_Vincent
 Barrouallie,It's,America/St_Vincent
 Port Elizabeth,It's,America/St_Vincent
Road Town,It's,America/Tortola
Hamilton,It's,Atlantic/Bermuda
St. John's,It's,America/St_Johns
 Mount Pearl,It's,America/St_Johns
 Corner Brook,It's,America/St_Johns
 Conception Bay South,It's,America/St_Johns
 Bay Roberts,It's,America/St_Johns
Palmas,It's,America/Araguaina
 Araguaína,It's,America/Araguaina
 Gurupi,It's,America/Araguaina
 Miracema do Tocantins,It's,America/Araguaina
 Porto Franco,It's,America/Araguaina
Buenos Aires,It's,America/Argentina/Buenos_Aires
 La Plata,It's,America/Argentina/Buenos_Aires
 Mar del Plata,It's,America/Argentina/Buenos_Aires
 Morón,It's,America/Argentina/Buenos_Aires
 Bahía Blanca,It's,America/Argentina/Buenos_Aires
San Fernando del Valle de Catamarca,It's,America/Argentina/Catamarca
 Trelew,It's,America/Argentina/Catamarca
 Puerto Madryn,It's,America/Argentina/Catamarca
 Esquel,It's,America/Argentina/Catamarca
 Rawson,It's,America/Argentina/Catamarca
Córdoba,It's,America/Argentina/Cordoba
 Rosario,It's,America/Argentina/Cordoba
 Santa Fe,It's,America/Argentina/Cordoba
 Resistencia,It's,America/Argentina/Cordoba
 Santiago del Estero,It's,America/Argentina/Cordoba
San Salvador de Jujuy,It's,America/Argentina/Jujuy
 San Pedro de Jujuy,It's,America/Argentina/Jujuy
 Libertador General San Martín,It's,America/Argentina/Jujuy
 Palpalá,It's,America/Argentina/Jujuy
 La Quiaca,It's,America/Argentina/Jujuy
La Rioja,It's,America/Argentina/La_Rioja
 Chilecito,It's,America/Argentina/La_Rioja
 Arauco,It's,America/Argentina/La_Rioja
 Chamical,It's,America/Argentina/La_Rioja
Mendoza,It's,America/Argentina/Mendoza
 San Rafael,It's,America/Argentina/Mendoza
 San Martín,It's,America/Argentina/Mendoza
Comodoro Rivadavia,It's,America/Argentina/Rio_Gallegos
 Río Gallegos,It's,America/Argentina/Rio_Gallegos
 Caleta Olivia,It's,America/Argentina/Rio_Gallegos
 Pico Truncado,It's,America/Argentina/Rio_Gallegos
 Puerto Deseado,It's,America/Argentina/Rio_Gallegos
Salta,It's,America/Argentina/Salta
 Neuquén,It's,America/Argentina/Salta
 Santa Rosa,It's,America/Argentina/Salta
 San Carlos de Bariloche,It's,America/Argentina/Salta
 Cipolletti,It's,America/Argentina/Salta
San Juan,It's,America/Argentina/San_Juan
 Chimbas,It's,America/Argentina/San_Juan
 Santa Lucía,It's,America/Argentina/San_Juan
 Pocito,It's,America/Argentina/San_Juan
 Caucete,It's,America/Argentina/San_Juan
San Luis,It's,America/Argentina/San_Luis
 Villa Mercedes,It's,America/Argentina/San_Luis
 La Punta,It's,America/Argentina/San_Luis
 Merlo,It's,America/Argentina/San_Luis
 Justo Daract,It's,America/Argentina/San_Luis
San Miguel de Tucumán,It's,America/Argentina/Tucuman
 Yerba Buena,It's,America/Argentina/Tucuman
 Tafí Viejo,It's,America/Argentina/Tucuman
 Alderetes,It's,America/Argentina/Tucuman
 Aguilares,It's,America/Argentina/Tucuman
Ushuaia,It's,America/Argentina/Ushuaia
 Río Grande,It's,America/Argentina/Ushuaia
Salvador,It's,America/Bahia
 Feira de Santana,It's,America/Bahia
 Vitória da Conquista,It's,America/Bahia
 Itabuna,It's,America/Bahia
 Camaçari,It's,America/Bahia
Belém,It's,America/Belem
 Ananindeua,It's,America/Belem
 Macapá,It's,America/Belem
 Parauapebas,It's,America/Belem
 Marabá,It's,America/Belem
Cayenne,It's,America/Cayenne
 Matoury,It's,America/Cayenne
 Saint-Laurent-du-Maroni,It's,America/Cayenne
 Kourou,It's,America/Cayenne
 Rémire-Montjoly,It's,America/Cayenne
Fortaleza,It's,America/Fortaleza
 São Luís,It's,America/Fortaleza
 Natal,It's,America/Fortaleza
 Teresina,It's,America/Fortaleza
 João Pessoa,It's,America/Fortaleza
Nuuk,It's,America/Godthab
 Sisimiut,It's,America/Godthab
 Ilulissat,It's,America/Godthab
 Qaqortoq,It's,America/Godthab
 Aasiaat,It's,America/Godthab
Maceió,It's,America/Maceio
 Aracaju,It's,America/Maceio
 Arapiraca,It's,America/Maceio
 Nossa Senhora do Socorro,It's,America/Maceio
 São Cristóvão,It's,America/Maceio
Saint-Pierre,It's,America/Miquelon
 Miquelon,It's,America/Miquelon
Montevideo,It's,America/Montevideo
 Salto,It's,America/Montevideo
 Paysandú,It's,America/Montevideo
 Las Piedras,It's,America/Montevideo
 Rivera,It's,America/Montevideo
Paramaribo,It's,America/Paramaribo
 Lelydorp,It's,America/Paramaribo
 Brokopondo,It's,America/Paramaribo
 Nieuw Nickerie,It's,America/Paramaribo
 Moengo,It's,America/Paramaribo
Punta Arenas,It's,America/Punta_Arenas
 Puerto Natales,It's,America/Punta_Arenas
Recife,It's,America/Recife
 Jaboatão,It's,America/Recife
 Jaboatão dos Guararapes,It's,America/Recife
 Olinda,It's,America/Recife
 Paulista,It's,America/Recife
Santarém,It's,America/Santarem
 Altamira,It's,America/Santarem
 Itaituba,It's,America/Santarem
 Oriximiná,It's,America/Santarem
 Alenquer,It's,America/Santarem
São Paulo,It's,America/Sao_Paulo
 Rio de Janeiro,It's,America/Sao_Paulo
 Belo Horizonte,It's,America/Sao_Paulo
 Brasília,It's,America/Sao_Paulo
 Curitiba,It's,America/Sao_Paulo
Stanley,It's,Atlantic/Stanley
Itamaracá,It's,America/Noronha
Grytviken,It's,Atlantic/South_Georgia
Ponta Delgada,It's,Atlantic/Azores
 Lagoa,It's,Atlantic/Azores
 Angra do Heroísmo,It's,Atlantic/Azores
 Rosto de Cão,It's,Atlantic/Azores
 Rabo de Peixe,It's,Atlantic/Azores
Praia,It's,Atlantic/Cape_Verde
 Mindelo,It's,Atlantic/Cape_Verde
 Santa Maria,It's,Atlantic/Cape_Verde
 Cova Figueira,It's,Atlantic/Cape_Verde
 Santa Cruz,It's,Atlantic/Cape_Verde
Abidjan,It's,Africa/Abidjan
 Abobo,It's,Africa/Abidjan
 Bouaké,It's,Africa/Abidjan
 Daloa,It's,Africa/Abidjan
 San-Pédro,It's,Africa/Abidjan
Accra,It's,Africa/Accra
 Kumasi,It's,Africa/Accra
 Tamale,It's,Africa/Accra
 Takoradi,It's,Africa/Accra
 Atsiaman,It's,Africa/Accra
Bamako,It's,Africa/Bamako
 Sikasso,It's,Africa/Bamako
 Mopti,It's,Africa/Bamako
 Koutiala,It's,Africa/Bamako
 Ségou,It's,Africa/Bamako
Serekunda,It's,Africa/Banjul
 Brikama,It's,Africa/Banjul
 Bakau,It's,Africa/Banjul
 Banjul,It's,Africa/Banjul
 Farafenni,It's,Africa/Banjul
Bissau,It's,Africa/Bissau
 Bafatá,It's,Africa/Bissau
 Gabú,It's,Africa/Bissau
 Bissorã,It's,Africa/Bissau
 Bolama,It's,Africa/Bissau
Casablanca,It's,Africa/Casablanca
 Rabat,It's,Africa/Casablanca
 Fès,It's,Africa/Casablanca
 Sale,It's,Africa/Casablanca
 Marrakesh,It's,Africa/Casablanca
Camayenne,It's,Africa/Conakry
 Conakry,It's,Africa/Conakry
 Nzérékoré,It's,Africa/Conakry
 Kindia,It's,Africa/Conakry
 Kankan,It's,Africa/Conakry
Dakar,It's,Africa/Dakar
 Pikine,It's,Africa/Dakar
 Touba,It's,Africa/Dakar
 Thiès,It's,Africa/Dakar
 Thiès Nones,It's,Africa/Dakar
Laayoune,It's,Africa/El_Aaiun
 Dakhla,It's,Africa/El_Aaiun
 Laayoune Plage,It's,Africa/El_Aaiun
Freetown,It's,Africa/Freetown
 Bo,It's,Africa/Freetown
 Kenema,It's,Africa/Freetown
 Koidu,It's,Africa/Freetown
 Makeni,It's,Africa/Freetown
Lomé,It's,Africa/Lome
 Sokodé,It's,Africa/Lome
 Kara,It's,Africa/Lome
 Atakpamé,It's,Africa/Lome
 Kpalimé,It's,Africa/Lome
Monrovia,It's,Africa/Monrovia
 Gbarnga,It's,Africa/Monrovia
 Kakata,It's,Africa/Monrovia
 Bensonville,It's,Africa/Monrovia
 Harper,It's,Africa/Monrovia
Nouakchott,It's,Africa/Nouakchott
 Nouadhibou,It's,Africa/Nouakchott
 Néma,It's,Africa/Nouakchott
 Kaédi,It's,Africa/Nouakchott
 Rosso,It's,Africa/Nouakchott
Ouagadougou,It's,Africa/Ouagadougou
 Bobo-Dioulasso,It's,Africa/Ouagadougou
 Koudougou,It's,Africa/Ouagadougou
 Ouahigouya,It's,Africa/Ouagadougou
 Banfora,It's,Africa/Ouagadougou
São Tomé,It's,Africa/Sao_Tome
 Santo António,It's,Africa/Sao_Tome
Las Palmas de Gran Canaria,It's,Atlantic/Canary
 Santa Cruz de Tenerife,It's,Atlantic/Canary
 La Laguna,It's,Atlantic/Canary
 Telde,It's,Atlantic/Canary
 Arona,It's,Atlantic/Canary
Tórshavn,It's,Atlantic/Faroe
 Klaksvík,It's,Atlantic/Faroe
 Fuglafjørður,It's,Atlantic/Faroe
 Tvøroyri,It's,Atlantic/Faroe
 Miðvágur,It's,Atlantic/Faroe
Funchal,It's,Atlantic/Madeira
 Câmara de Lobos,It's,Atlantic/Madeira
 São Martinho,It's,Atlantic/Madeira
 Caniço,It's,Atlantic/Madeira
 Machico,It's,Atlantic/Madeira
Reykjavík,It's,Atlantic/Reykjavik
 Kópavogur,It's,Atlantic/Reykjavik
 Hafnarfjörður,It's,Atlantic/Reykjavik
 Akureyri,It's,Atlantic/Reykjavik
 Garðabær,It's,Atlantic/Reykjavik
Jamestown,It's,Atlantic/St_Helena
 Georgetown,It's,Atlantic/St_Helena
 Edinburgh of the Seven Seas,It's,Atlantic/St_Helena
Dublin,It's,Europe/Dublin
 Cork,It's,Europe/Dublin
 Luimneach,It's,Europe/Dublin
 Gaillimh,It's,Europe/Dublin
 Tallaght,It's,Europe/Dublin
Saint Peter Port,It's,Europe/Guernsey
 St Martin,It's,Europe/Guernsey
 Saint Sampson,It's,Europe/Guernsey
 St Anne,It's,Europe/Guernsey
 Saint Saviour,It's,Europe/Guernsey
Douglas,It's,Europe/Isle_of_Man
 Ramsey,It's,Europe/Isle_of_Man
 Peel,It's,Europe/Isle_of_Man
 Port Erin,It's,Europe/Isle_of_Man
 Castletown,It's,Europe/Isle_of_Man
Saint Helier,It's,Europe/Jersey
 Le Hocq,It's,Europe/Jersey
Lisbon,It's,Europe/Lisbon
 Porto,It's,Europe/Lisbon
 Amadora,It's,Europe/Lisbon
 Braga,It's,Europe/Lisbon
 Setúbal,It's,Europe/Lisbon
London,It's,Europe/London
 Birmingham,It's,Europe/London
 Liverpool,It's,Europe/London
 Sheffield,It's,Europe/London
 Bristol,It's,Europe/London
Algiers,It's,Africa/Algiers
 Boumerdas,It's,Africa/Algiers
 Oran,It's,Africa/Algiers
 Tébessa,It's,Africa/Algiers
 Constantine,It's,Africa/Algiers
Bangui,It's,Africa/Bangui
 Bimbo,It's,Africa/Bangui
 Mbaïki,It's,Africa/Bangui
 Berbérati,It's,Africa/Bangui
 Kaga Bandoro,It's,Africa/Bangui
Brazzaville,It's,Africa/Brazzaville
 Pointe-Noire,It's,Africa/Brazzaville
 Dolisie,It's,Africa/Brazzaville
 Kayes,It's,Africa/Brazzaville
 Owando,It's,Africa/Brazzaville
Ceuta,It's,Africa/Ceuta
 Melilla,It's,Africa/Ceuta
Douala,It's,Africa/Douala
 Yaoundé,It's,Africa/Douala
 Garoua,It's,Africa/Douala
 Kousséri,It's,Africa/Douala
 Bamenda,It's,Africa/Douala
Kinshasa,It's,Africa/Kinshasa
 Masina,It's,Africa/Kinshasa
 Kikwit,It's,Africa/Kinshasa
 Mbandaka,It's,Africa/Kinshasa
 Matadi,It's,Africa/Kinshasa
Lagos,It's,Africa/Lagos
 Kano,It's,Africa/Lagos
 Ibadan,It's,Africa/Lagos
 Kaduna,It's,Africa/Lagos
 Port Harcourt,It's,Africa/Lagos
Libreville,It's,Africa/Libreville
 Port-Gentil,It's,Africa/Libreville
 Franceville,It's,Africa/Libreville
 Oyem,It's,Africa/Libreville
 Moanda,It's,Africa/Libreville
Luanda,It's,Africa/Luanda
 N’dalatando,It's,Africa/Luanda
 Huambo,It's,Africa/Luanda
 Lobito,It's,Africa/Luanda
 Benguela,It's,Africa/Luanda
Bata,It's,Africa/Malabo
 Malabo,It's,Africa/Malabo
 Ebebiyin,It's,Africa/Malabo
 Aconibe,It's,Africa/Malabo
 Añisoc,It's,Africa/Malabo
N'Djamena,It's,Africa/Ndjamena
 Moundou,It's,Africa/Ndjamena
 Sarh,It's,Africa/Ndjamena
 Abéché,It's,Africa/Ndjamena
 Kelo,It's,Africa/Ndjamena
Niamey,It's,Africa/Niamey
 Zinder,It's,Africa/Niamey
 Maradi,It's,Africa/Niamey
 Agadez,It's,Africa/Niamey
 Alaghsas,It's,Africa/Niamey
Cotonou,It's,Africa/Porto-Novo
 Abomey-Calavi,It's,Africa/Porto-Novo
 Djougou,It's,Africa/Porto-Novo
 Porto-Novo,It's,Africa/Porto-Novo
 Parakou,It's,Africa/Porto-Novo
Tunis,It's,Africa/Tunis
 Sfax,It's,Africa/Tunis
 Sousse,It's,Africa/Tunis
 Kairouan,It's,Africa/Tunis
 Bizerte,It's,Africa/Tunis
Windhoek,It's,Africa/Windhoek
 Rundu,It's,Africa/Windhoek
 Walvis Bay,It's,Africa/Windhoek
 Oshakati,It's,Africa/Windhoek
 Swakopmund,It's,Africa/Windhoek
Longyearbyen,It's,Arctic/Longyearbyen
 Olonkinbyen,It's,Arctic/Longyearbyen
Amsterdam,It's,Europe/Amsterdam
 Rotterdam,It's,Europe/Amsterdam
 The Hague,It's,Europe/Amsterdam
 Utrecht,It's,Europe/Amsterdam
 Eindhoven,It's,Europe/Amsterdam
Andorra la Vella,It's,Europe/Andorra
 les Escaldes,It's,Europe/Andorra
 Encamp,It's,Europe/Andorra
 Sant Julià de Lòria,It's,Europe/Andorra
 la Massana,It's,Europe/Andorra
Belgrade,It's,Europe/Belgrade
 Pristina,It's,Europe/Belgrade
 Niš,It's,Europe/Belgrade
 Novi Sad,It's,Europe/Belgrade
 Prizren,It's,Europe/Belgrade
Berlin,It's,Europe/Berlin
 Hamburg,It's,Europe/Berlin
 Munich,It's,Europe/Berlin
 Köln,It's,Europe/Berlin
 Frankfurt am Main,It's,Europe/Berlin
Bratislava,It's,Europe/Bratislava
 Košice,It's,Europe/Bratislava
 Prešov,It's,Europe/Bratislava
 Nitra,It's,Europe/Bratislava
 Žilina,It's,Europe/Bratislava
Brussels,It's,Europe/Brussels
 Antwerpen,It's,Europe/Brussels
 Gent,It's,Europe/Brussels
 Charleroi,It's,Europe/Brussels
 Liège,It's,Europe/Brussels
Budapest,It's,Europe/Budapest
 Debrecen,It's,Europe/Budapest
 Miskolc,It's,Europe/Budapest
 Szeged,It's,Europe/Budapest
 Pécs,It's,Europe/Budapest
Copenhagen,It's,Europe/Copenhagen
 Århus,It's,Europe/Copenhagen
 Odense,It's,Europe/Copenhagen
 Aalborg,It's,Europe/Copenhagen
 Frederiksberg,It's,Europe/Copenhagen
Gibraltar,It's,Europe/Gibraltar
Ljubljana,It's,Europe/Ljubljana
 Maribor,It's,Europe/Ljubljana
 Celje,It's,Europe/Ljubljana
 Kranj,It's,Europe/Ljubljana
 Velenje,It's,Europe/Ljubljana
Luxembourg,It's,Europe/Luxembourg
 Esch-sur-Alzette,It's,Europe/Luxembourg
 Dudelange,It's,Europe/Luxembourg
 Schifflange,It's,Europe/Luxembourg
 Bettembourg,It's,Europe/Luxembourg
Madrid,It's,Europe/Madrid
 Barcelona,It's,Europe/Madrid
 Valencia,It's,Europe/Madrid
 Sevilla,It's,Europe/Madrid
 Zaragoza,It's,Europe/Madrid
Birkirkara,It's,Europe/Malta
 Qormi,It's,Europe/Malta
 Mosta,It's,Europe/Malta
 Żabbar,It's,Europe/Malta
 San Pawl il-Baħar,It's,Europe/Malta
Monaco,It's,Europe/Monaco
 Monte-Carlo,It's,Europe/Monaco
 La Condamine,It's,Europe/Monaco
Oslo,It's,Europe/Oslo
 Bergen,It's,Europe/Oslo
 Trondheim,It's,Europe/Oslo
 Stavanger,It's,Europe/Oslo
 Drammen,It's,Europe/Oslo
Paris,It's,Europe/Paris
 Marseille,It's,Europe/Paris
 Lyon,It's,Europe/Paris
 Toulouse,It's,Europe/Paris
 Nice,It's,Europe/Paris
Podgorica,It's,Europe/Podgorica
 Nikšić,It's,Europe/Podgorica
 Herceg Novi,It's,Europe/Podgorica
 Pljevlja,It's,Europe/Podgorica
 Budva,It's,Europe/Podgorica
Prague,It's,Europe/Prague
 Brno,It's,Europe/Prague
 Ostrava,It's,Europe/Prague
 Pilsen,It's,Europe/Prague
 Olomouc,It's,Europe/Prague
Rome,It's,Europe/Rome
 Milan,It's,Europe/Rome
 Naples,It's,Europe/Rome
 Turin,It's,Europe/Rome
 Palermo,It's,Europe/Rome
Serravalle,It's,Europe/San_Marino
 Borgo Maggiore,It's,Europe/San_Marino
 San Marino,It's,Europe/San_Marino
 Domagnano,It's,Europe/San_Marino
 Fiorentino,It's,Europe/San_Marino
Sarajevo,It's,Europe/Sarajevo
 Banja Luka,It's,Europe/Sarajevo
 Zenica,It's,Europe/Sarajevo
 Tuzla,It's,Europe/Sarajevo
 Mostar,It's,Europe/Sarajevo
Skopje,It's,Europe/Skopje
 Bitola,It's,Europe/Skopje
 Kumanovo,It's,Europe/Skopje
 Prilep,It's,Europe/Skopje
 Tetovo,It's,Europe/Skopje
Stockholm,It's,Europe/Stockholm
 Göteborg,It's,Europe/Stockholm
 Malmö,It's,Europe/Stockholm
 Uppsala,It's,Europe/Stockholm
 Sollentuna,It's,Europe/Stockholm
Tirana,It's,Europe/Tirane
 Durrës,It's,Europe/Tirane
 Elbasan,It's,Europe/Tirane
 Vlorë,It's,Europe/Tirane
 Shkodër,It's,Europe/Tirane
Schaan,It's,Europe/Vaduz
 Vaduz,It's,Europe/Vaduz
 Triesen,It's,Europe/Vaduz
 Balzers,It's,Europe/Vaduz
 Eschen,It's,Europe/Vaduz
Vatican City,It's,Europe/Vatican
Vienna,It's,Europe/Vienna
 Graz,It's,Europe/Vienna
 Linz,It's,Europe/Vienna
 Favoriten,It's,Europe/Vienna
 Donaustadt,It's,Europe/Vienna
Warsaw,It's,Europe/Warsaw
 Łódź,It's,Europe/Warsaw
 Kraków,It's,Europe/Warsaw
 Wrocław,It's,Europe/Warsaw
 Poznań,It's,Europe/Warsaw
Zagreb,It's,Europe/Zagreb
 Split,It's,Europe/Zagreb
 Rijeka,It's,Europe/Zagreb
 Osijek,It's,Europe/Zagreb
 Zadar,It's,Europe/Zagreb
Zürich,It's,Europe/Zurich
 Genève,It's,Europe/Zurich
 Basel,It's,Europe/Zurich
 Lausanne,It's,Europe/Zurich
 Bern,It's,Europe/Zurich
Lilongwe,It's,Africa/Blantyre
 Blantyre,It's,Africa/Blantyre
 Mzuzu,It's,Africa/Blantyre
 Zomba,It's,Africa/Blantyre
 Kasungu,It's,Africa/Blantyre
Bujumbura,It's,Africa/Bujumbura
 Muyinga,It's,Africa/Bujumbura
 Gitega,It's,Africa/Bujumbura
 Ruyigi,It's,Africa/Bujumbura
 Ngozi,It's,Africa/Bujumbura
Cairo,It's,Africa/Cairo
 Alexandria,It's,Africa/Cairo
 Giza,It's,Africa/Cairo
 Port Said,It's,Africa/Cairo
 Suez,It's,Africa/Cairo
Gaborone,It's,Africa/Gaborone
 Francistown,It's,Africa/Gaborone
 Molepolole,It's,Africa/Gaborone
 Selebi-Phikwe,It's,Africa/Gaborone
 Maun,It's,Africa/Gaborone
Harare,It's,Africa/Harare
 Bulawayo,It's,Africa/Harare
 Chitungwiza,It's,Africa/Harare
 Mutare,It's,Africa/Harare
 Gweru,It's,Africa/Harare
Cape Town,It's,Africa/Johannesburg
 Durban,It's,Africa/Johannesburg
 Johannesburg,It's,Africa/Johannesburg
 Soweto,It's,Africa/Johannesburg
 Pretoria,It's,Africa/Johannesburg
Juba,It's,Africa/Juba
 Winejok,It's,Africa/Juba
 Malakal,It's,Africa/Juba
 Wau,It's,Africa/Juba
 Kuacjok,It's,Africa/Juba
Khartoum,It's,Africa/Khartoum
 Omdurman,It's,Africa/Khartoum
 Nyala,It's,Africa/Khartoum
 Port Sudan,It's,Africa/Khartoum
 Kassala,It's,Africa/Khartoum
Kigali,It's,Africa/Kigali
 Butare,It's,Africa/Kigali
 Gitarama,It's,Africa/Kigali
 Musanze,It's,Africa/Kigali
 Gisenyi,It's,Africa/Kigali
Lubumbashi,It's,Africa/Lubumbashi
 Mbuji-Mayi,It's,Africa/Lubumbashi
 Kisangani,It's,Africa/Lubumbashi
 Kananga,It's,Africa/Lubumbashi
 Likasi,It's,Africa/Lubumbashi
Lusaka,It's,Africa/Lusaka
 Kitwe,It's,Africa/Lusaka
 Ndola,It's,Africa/Lusaka
 Kabwe,It's,Africa/Lusaka
 Chingola,It's,Africa/Lusaka
Maputo,It's,Africa/Maputo
 Matola,It's,Africa/Maputo
 Beira,It's,Africa/Maputo
 Nampula,It's,Africa/Maputo
 Chimoio,It's,Africa/Maputo
Maseru,It's,Africa/Maseru
 Mafeteng,It's,Africa/Maseru
 Leribe,It's,Africa/Maseru
 Maputsoe,It's,Africa/Maseru
 Mohale’s Hoek,It's,Africa/Maseru
Manzini,It's,Africa/Mbabane
 Mbabane,It's,Africa/Mbabane
 Big Bend,It's,Africa/Mbabane
 Malkerns,It's,Africa/Mbabane
 Nhlangano,It's,Africa/Mbabane
Tripoli,It's,Africa/Tripoli
 Benghazi,It's,Africa/Tripoli
 Mişrātah,It's,Africa/Tripoli
 Tarhuna,It's,Africa/Tripoli
 Al Khums,It's,Africa/Tripoli
Amman,It's,Asia/Amman
 Zarqa,It's,Asia/Amman
 Irbid,It's,Asia/Amman
 Russeifa,It's,Asia/Amman
 Wādī as Sīr,It's,Asia/Amman
Beirut,It's,Asia/Beirut
 Ra’s Bayrūt,It's,Asia/Beirut
 Tripoli,It's,Asia/Beirut
 Sidon,It's,Asia/Beirut
 Tyre,It's,Asia/Beirut
Aleppo,It's,Asia/Damascus
 Damascus,It's,Asia/Damascus
 Homs,It's,Asia/Damascus
 Ḩamāh,It's,Asia/Damascus
 Latakia,It's,Asia/Damascus
Famagusta,It's,Asia/Famagusta
 Kyrenia,It's,Asia/Famagusta
 Protaras,It's,Asia/Famagusta
 Paralímni,It's,Asia/Famagusta
 Lápithos,It's,Asia/Famagusta
Gaza,It's,Asia/Gaza
 Khān Yūnis,It's,Asia/Gaza
 Jabālyā,It's,Asia/Gaza
 Rafaḩ,It's,Asia/Gaza
 Dayr al Balaḩ,It's,Asia/Gaza
East Jerusalem,It's,Asia/Hebron
 Hebron,It's,Asia/Hebron
 Nablus,It's,Asia/Hebron
 Battir,It's,Asia/Hebron
 Ţūlkarm,It's,Asia/Hebron
Jerusalem,It's,Asia/Jerusalem
 Tel Aviv,It's,Asia/Jerusalem
 West Jerusalem,It's,Asia/Jerusalem
 Haifa,It's,Asia/Jerusalem
 Ashdod,It's,Asia/Jerusalem
Nicosia,It's,Asia/Nicosia
 Limassol,It's,Asia/Nicosia
 Larnaca,It's,Asia/Nicosia
 Stróvolos,It's,Asia/Nicosia
 Paphos,It's,Asia/Nicosia
Athens,It's,Europe/Athens
 Thessaloníki,It's,Europe/Athens
 Pátra,It's,Europe/Athens
 Piraeus,It's,Europe/Athens
 Lárisa,It's,Europe/Athens
Bucharest,It's,Europe/Bucharest
 Sector 3,It's,Europe/Bucharest
 Sector 6,It's,Europe/Bucharest
 Sector 2,It's,Europe/Bucharest
 Iaşi,It's,Europe/Bucharest
Chisinau,It's,Europe/Chisinau
 Tiraspol,It's,Europe/Chisinau
 Bălţi,It's,Europe/Chisinau
 Bender,It's,Europe/Chisinau
 Rîbniţa,It's,Europe/Chisinau
Helsinki,It's,Europe/Helsinki
 Espoo,It's,Europe/Helsinki
 Tampere,It's,Europe/Helsinki
 Vantaa,It's,Europe/Helsinki
 Turku,It's,Europe/Helsinki
Kaliningrad,It's,Europe/Kaliningrad
 Chernyakhovsk,It's,Europe/Kaliningrad
 Sovetsk,It's,Europe/Kaliningrad
 Baltiysk,It's,Europe/Kaliningrad
 Gusev,It's,Europe/Kaliningrad
Kyiv,It's,Europe/Kiev
 Kharkiv,It's,Europe/Kiev
 Donetsk,It's,Europe/Kiev
 Odessa,It's,Europe/Kiev
 Dnipro,It's,Europe/Kiev
Mariehamn,It's,Europe/Mariehamn
Riga,It's,Europe/Riga
 Daugavpils,It's,Europe/Riga
 Liepāja,It's,Europe/Riga
 Jelgava,It's,Europe/Riga
 Jūrmala,It's,Europe/Riga
Sofia,It's,Europe/Sofia
 Plovdiv,It's,Europe/Sofia
 Varna,It's,Europe/Sofia
 Burgas,It's,Europe/Sofia
 Ruse,It's,Europe/Sofia
Tallinn,It's,Europe/Tallinn
 Tartu,It's,Europe/Tallinn
 Narva,It's,Europe/Tallinn
 Kohtla-Järve,It's,Europe/Tallinn
 Pärnu,It's,Europe/Tallinn
Uzhgorod,It's,Europe/Uzhgorod
 Mukachevo,It's,Europe/Uzhgorod
 Khust,It's,Europe/Uzhgorod
 Berehove,It's,Europe/Uzhgorod
 Tyachiv,It's,Europe/Uzhgorod
Vilnius,It's,Europe/Vilnius
 Kaunas,It's,Europe/Vilnius
 Klaipėda,It's,Europe/Vilnius
 Šiauliai,It's,Europe/Vilnius
 Panevėžys,It's,Europe/Vilnius
Luhansk,It's,Europe/Zaporozhye
 Sevastopol,It's,Europe/Zaporozhye
 Sievierodonetsk,It's,Europe/Zaporozhye
 Alchevsk,It's,Europe/Zaporozhye
 Lysychansk,It's,Europe/Zaporozhye
Addis Ababa,It's,Africa/Addis_Ababa
 Dire Dawa,It's,Africa/Addis_Ababa
 Mek'ele,It's,Africa/Addis_Ababa
 Nazrēt,It's,Africa/Addis_Ababa
 Bahir Dar,It's,Africa/Addis_Ababa
Asmara,It's,Africa/Asmara
 Keren,It's,Africa/Asmara
 Massawa,It's,Africa/Asmara
 Assab,It's,Africa/Asmara
 Mendefera,It's,Africa/Asmara
Dar es Salaam,It's,Africa/Dar_es_Salaam
 Mwanza,It's,Africa/Dar_es_Salaam
 Zanzibar,It's,Africa/Dar_es_Salaam
 Arusha,It's,Africa/Dar_es_Salaam
 Mbeya,It's,Africa/Dar_es_Salaam
Djibouti,It's,Africa/Djibouti
 'Ali Sabieh,It's,Africa/Djibouti
 Tadjourah,It's,Africa/Djibouti
 Obock,It's,Africa/Djibouti
 Dikhil,It's,Africa/Djibouti
Kampala,It's,Africa/Kampala
 Gulu,It's,Africa/Kampala
 Lira,It's,Africa/Kampala
 Mbarara,It's,Africa/Kampala
 Jinja,It's,Africa/Kampala
Mogadishu,It's,Africa/Mogadishu
 Hargeysa,It's,Africa/Mogadishu
 Berbera,It's,Africa/Mogadishu
 Kismayo,It's,Africa/Mogadishu
 Marka,It's,Africa/Mogadishu
Nairobi,It's,Africa/Nairobi
 Mombasa,It's,Africa/Nairobi
 Nakuru,It's,Africa/Nairobi
 Eldoret,It's,Africa/Nairobi
 Kisumu,It's,Africa/Nairobi
Sanaa,It's,Asia/Aden
 Al Ḩudaydah,It's,Asia/Aden
 Taiz,It's,Asia/Aden
 Aden,It's,Asia/Aden
 Mukalla,It's,Asia/Aden
Baghdad,It's,Asia/Baghdad
 Basrah,It's,Asia/Baghdad
 Al Mawşil al Jadīdah,It's,Asia/Baghdad
 Al Başrah al Qadīmah,It's,Asia/Baghdad
 Mosul,It's,Asia/Baghdad
Manama,It's,Asia/Bahrain
 Al Muharraq,It's,Asia/Bahrain
 Ar Rifā‘,It's,Asia/Bahrain
 Dār Kulayb,It's,Asia/Bahrain
 Madīnat Ḩamad,It's,Asia/Bahrain
Al Aḩmadī,It's,Asia/Kuwait
 Ḩawallī,It's,Asia/Kuwait
 As Sālimīyah,It's,Asia/Kuwait
 Şabāḩ as Sālim,It's,Asia/Kuwait
 Al Farwānīyah,It's,Asia/Kuwait
Doha,It's,Asia/Qatar
 Ar Rayyān,It's,Asia/Qatar
 Umm Şalāl Muḩammad,It's,Asia/Qatar
 Al Wakrah,It's,Asia/Qatar
 Al Khawr,It's,Asia/Qatar
Riyadh,It's,Asia/Riyadh
 Jeddah,It's,Asia/Riyadh
 Mecca,It's,Asia/Riyadh
 Medina,It's,Asia/Riyadh
 Sulţānah,It's,Asia/Riyadh
Istanbul,It's,Europe/Istanbul
 Ankara,It's,Europe/Istanbul
 İzmir,It's,Europe/Istanbul
 Bursa,It's,Europe/Istanbul
 Adana,It's,Europe/Istanbul
Kirov,It's,Europe/Kirov
 Kirovo-Chepetsk,It's,Europe/Kirov
 Vyatskiye Polyany,It's,Europe/Kirov
 Slobodskoy,It's,Europe/Kirov
 Kotel’nich,It's,Europe/Kirov
Minsk,It's,Europe/Minsk
 Homyel',It's,Europe/Minsk
 Mahilyow,It's,Europe/Minsk
 Vitebsk,It's,Europe/Minsk
 Hrodna,It's,Europe/Minsk
Moscow,It's,Europe/Moscow
 Saint Petersburg,It's,Europe/Moscow
 Nizhniy Novgorod,It's,Europe/Moscow
 Kazan,It's,Europe/Moscow
 Rostov-na-Donu,It's,Europe/Moscow
Simferopol,It's,Europe/Simferopol
 Kerch,It's,Europe/Simferopol
 Yevpatoriya,It's,Europe/Simferopol
 Yalta,It's,Europe/Simferopol
 Feodosiya,It's,Europe/Simferopol
Volgograd,It's,Europe/Volgograd
 Volzhskiy,It's,Europe/Volgograd
 Kamyshin,It's,Europe/Volgograd
 Mikhaylovka,It's,Europe/Volgograd
 Uryupinsk,It's,Europe/Volgograd
Antananarivo,It's,Indian/Antananarivo
 Toamasina,It's,Indian/Antananarivo
 Antsirabe,It's,Indian/Antananarivo
 Fianarantsoa,It's,Indian/Antananarivo
 Mahajanga,It's,Indian/Antananarivo
Moroni,It's,Indian/Comoro
 Moutsamoudou,It's,Indian/Comoro
 Fomboni,It's,Indian/Comoro
 Domoni,It's,Indian/Comoro
 Tsimbeo,It's,Indian/Comoro
Mamoudzou,It's,Indian/Mayotte
 Koungou,It's,Indian/Mayotte
 Dzaoudzi,It's,Indian/Mayotte
 Dembeni,It's,Indian/Mayotte
 Sada,It's,Indian/Mayotte
Tehran,It's,Asia/Tehran
 Mashhad,It's,Asia/Tehran
 Isfahan,It's,Asia/Tehran
 Karaj,It's,Asia/Tehran
 Tabriz,It's,Asia/Tehran
Baku,It's,Asia/Baku
 Ganja,It's,Asia/Baku
 Sumqayıt,It's,Asia/Baku
 Lankaran,It's,Asia/Baku
 Yevlakh,It's,Asia/Baku
Dubai,It's,Asia/Dubai
 Sharjah,It's,Asia/Dubai
 Abu Dhabi,It's,Asia/Dubai
 Ajman City,It's,Asia/Dubai
 Ras Al Khaimah City,It's,Asia/Dubai
Muscat,It's,Asia/Muscat
 Seeb,It's,Asia/Muscat
 Şalālah,It's,Asia/Muscat
 Bawshar,It's,Asia/Muscat
 Sohar,It's,Asia/Muscat
Tbilisi,It's,Asia/Tbilisi
 Kutaisi,It's,Asia/Tbilisi
 Batumi,It's,Asia/Tbilisi
 Sokhumi,It's,Asia/Tbilisi
 Zugdidi,It's,Asia/Tbilisi
Yerevan,It's,Asia/Yerevan
 Gyumri,It's,Asia/Yerevan
 Vanadzor,It's,Asia/Yerevan
 Vagharshapat,It's,Asia/Yerevan
 Hrazdan,It's,Asia/Yerevan
Astrakhan,It's,Europe/Astrakhan
 Akhtubinsk,It's,Europe/Astrakhan
 Znamensk,It's,Europe/Astrakhan
 Kharabali,It's,Europe/Astrakhan
 Kamyzyak,It's,Europe/Astrakhan
Samara,It's,Europe/Samara
 Togliatti-on-the-Volga,It's,Europe/Samara
 Izhevsk,It's,Europe/Samara
 Syzran’,It's,Europe/Samara
 Novokuybyshevsk,It's,Europe/Samara
Saratov,It's,Europe/Saratov
 Balakovo,It's,Europe/Saratov
 Engel’s,It's,Europe/Saratov
 Balashov,It's,Europe/Saratov
 Vol’sk,It's,Europe/Saratov
Ulyanovsk,It's,Europe/Ulyanovsk
 Dimitrovgrad,It's,Europe/Ulyanovsk
 Inza,It's,Europe/Ulyanovsk
 Barysh,It's,Europe/Ulyanovsk
 Novoul’yanovsk,It's,Europe/Ulyanovsk
Victoria,It's,Indian/Mahe
 Anse Boileau,It's,Indian/Mahe
 Bel Ombre,It's,Indian/Mahe
 Beau Vallon,It's,Indian/Mahe
 Cascade,It's,Indian/Mahe
Port Louis,It's,Indian/Mauritius
 Beau Bassin-Rose Hill,It's,Indian/Mauritius
 Vacoas,It's,Indian/Mauritius
 Curepipe,It's,Indian/Mauritius
 Quatre Bornes,It's,Indian/Mauritius
Saint-Denis,It's,Indian/Reunion
 Saint-Paul,It's,Indian/Reunion
 Saint-Pierre,It's,Indian/Reunion
 Le Tampon,It's,Indian/Reunion
 Saint-André,It's,Indian/Reunion
Kabul,It's,Asia/Kabul
 Kandahār,It's,Asia/Kabul
 Mazār-e Sharīf,It's,Asia/Kabul
 Herāt,It's,Asia/Kabul
 Jalālābād,It's,Asia/Kabul
Shevchenko,It's,Asia/Aqtau
 Zhanaozen,It's,Asia/Aqtau
 Beyneu,It's,Asia/Aqtau
 Shetpe,It's,Asia/Aqtau
 Yeraliyev,It's,Asia/Aqtau
Aktobe,It's,Asia/Aqtobe
 Kandyagash,It's,Asia/Aqtobe
 Shalqar,It's,Asia/Aqtobe
 Khromtau,It's,Asia/Aqtobe
 Embi,It's,Asia/Aqtobe
Ashgabat,It's,Asia/Ashgabat
 Türkmenabat,It's,Asia/Ashgabat
 Daşoguz,It's,Asia/Ashgabat
 Mary,It's,Asia/Ashgabat
 Balkanabat,It's,Asia/Ashgabat
Atyrau,It's,Asia/Atyrau
 Qulsary,It's,Asia/Atyrau
 Shalkar,It's,Asia/Atyrau
 Balykshi,It's,Asia/Atyrau
 Maqat,It's,Asia/Atyrau
Dushanbe,It's,Asia/Dushanbe
 Khujand,It's,Asia/Dushanbe
 Kŭlob,It's,Asia/Dushanbe
 Bokhtar,It's,Asia/Dushanbe
 Istaravshan,It's,Asia/Dushanbe
Karachi,It's,Asia/Karachi
 Lahore,It's,Asia/Karachi
 Faisalabad,It's,Asia/Karachi
 Rawalpindi,It's,Asia/Karachi
 Multan,It's,Asia/Karachi
Oral,It's,Asia/Oral
 Aqsay,It's,Asia/Oral
 Zhänibek,It's,Asia/Oral
 Tasqala,It's,Asia/Oral
 Zhumysker,It's,Asia/Oral
Kyzylorda,It's,Asia/Qyzylorda
 Baikonur,It's,Asia/Qyzylorda
 Novokazalinsk,It's,Asia/Qyzylorda
 Aral,It's,Asia/Qyzylorda
 Chiili,It's,Asia/Qyzylorda
Samarkand,It's,Asia/Samarkand
 Bukhara,It's,Asia/Samarkand
 Nukus,It's,Asia/Samarkand
 Qarshi,It's,Asia/Samarkand
 Jizzax,It's,Asia/Samarkand
Tashkent,It's,Asia/Tashkent
 Namangan,It's,Asia/Tashkent
 Andijon,It's,Asia/Tashkent
 Qo‘qon,It's,Asia/Tashkent
 Chirchiq,It's,Asia/Tashkent
Yekaterinburg,It's,Asia/Yekaterinburg
 Chelyabinsk,It's,Asia/Yekaterinburg
 Ufa,It's,Asia/Yekaterinburg
 Perm,It's,Asia/Yekaterinburg
 Orenburg,It's,Asia/Yekaterinburg
Port-aux-Français,It's,Indian/Kerguelen
Male,It's,Indian/Maldives
 Fuvahmulah,It's,Indian/Maldives
 Hithadhoo,It's,Indian/Maldives
 Kulhudhuffushi,It's,Indian/Maldives
 Thinadhoo,It's,Indian/Maldives
Colombo,It's,Asia/Colombo
 Dehiwala-Mount Lavinia,It's,Asia/Colombo
 Moratuwa,It's,Asia/Colombo
 Jaffna,It's,Asia/Colombo
 Negombo,It's,Asia/Colombo
Mumbai,It's,Asia/Kolkata
 Delhi,It's,Asia/Kolkata
 Bengaluru,It's,Asia/Kolkata
 Kolkata,It's,Asia/Kolkata
 Chennai,It's,Asia/Kolkata
Kathmandu,It's,Asia/Kathmandu
 Pokhara,It's,Asia/Kathmandu
 Pātan,It's,Asia/Kathmandu
 Biratnagar,It's,Asia/Kathmandu
 Birgañj,It's,Asia/Kathmandu
Almaty,It's,Asia/Almaty
 Karagandy,It's,Asia/Almaty
 Shymkent,It's,Asia/Almaty
 Taraz,It's,Asia/Almaty
 Nur-Sultan,It's,Asia/Almaty
Bishkek,It's,Asia/Bishkek
 Osh,It's,Asia/Bishkek
 Jalal-Abad,It's,Asia/Bishkek
 Karakol,It's,Asia/Bishkek
 Tokmok,It's,Asia/Bishkek
Dhaka,It's,Asia/Dhaka
 Chattogram,It's,Asia/Dhaka
 Khulna,It's,Asia/Dhaka
 Rājshāhi,It's,Asia/Dhaka
 Comilla,It's,Asia/Dhaka
Omsk,It's,Asia/Omsk
 Tara,It's,Asia/Omsk
 Kalachinsk,It's,Asia/Omsk
 Znamenskoye,It's,Asia/Omsk
 Tavricheskoye,It's,Asia/Omsk
Kostanay,It's,Asia/Qostanay
 Rudnyy,It's,Asia/Qostanay
 Dzhetygara,It's,Asia/Qostanay
 Arkalyk,It's,Asia/Qostanay
 Lisakovsk,It's,Asia/Qostanay
Thimphu,It's,Asia/Thimphu
 Punākha,It's,Asia/Thimphu
 Tsirang,It's,Asia/Thimphu
 Phuntsholing,It's,Asia/Thimphu
 Pemagatshel,It's,Asia/Thimphu
Zhongshan,It's,Asia/Urumqi
 Ürümqi,It's,Asia/Urumqi
 Zhanjiang,It's,Asia/Urumqi
 Shihezi,It's,Asia/Urumqi
 Huocheng,It's,Asia/Urumqi
Yangon,It's,Asia/Yangon
 Mandalay,It's,Asia/Yangon
 Nay Pyi Taw,It's,Asia/Yangon
 Mawlamyine,It's,Asia/Yangon
 Kyain Seikgyi Township,It's,Asia/Yangon
West Island,It's,Indian/Cocos
Bangkok,It's,Asia/Bangkok
 Hanoi,It's,Asia/Bangkok
 Haiphong,It's,Asia/Bangkok
 Samut Prakan,It's,Asia/Bangkok
 Mueang Nonthaburi,It's,Asia/Bangkok
Barnaul,It's,Asia/Barnaul
 Biysk,It's,Asia/Barnaul
 Rubtsovsk,It's,Asia/Barnaul
 Novoaltaysk,It's,Asia/Barnaul
 Gorno-Altaysk,It's,Asia/Barnaul
Khovd,It's,Asia/Hovd
 Ölgii,It's,Asia/Hovd
 Ulaangom,It's,Asia/Hovd
 Uliastay,It's,Asia/Hovd
 Altai,It's,Asia/Hovd
Ho Chi Minh City,It's,Asia/Ho_Chi_Minh
 Da Nang,It's,Asia/Ho_Chi_Minh
 Biên Hòa,It's,Asia/Ho_Chi_Minh
 Nha Trang,It's,Asia/Ho_Chi_Minh
 Cần Thơ,It's,Asia/Ho_Chi_Minh
Jakarta,It's,Asia/Jakarta
 Surabaya,It's,Asia/Jakarta
 Medan,It's,Asia/Jakarta
 Bandung,It's,Asia/Jakarta
 Bekasi,It's,Asia/Jakarta
Krasnoyarsk,It's,Asia/Krasnoyarsk
 Abakan,It's,Asia/Krasnoyarsk
 Norilsk,It's,Asia/Krasnoyarsk
 Achinsk,It's,Asia/Krasnoyarsk
 Kyzyl,It's,Asia/Krasnoyarsk
Novokuznetsk,It's,Asia/Novokuznetsk
 Kemerovo,It's,Asia/Novokuznetsk
 Prokop’yevsk,It's,Asia/Novokuznetsk
 Leninsk-Kuznetsky,It's,Asia/Novokuznetsk
 Kiselëvsk,It's,Asia/Novokuznetsk
Novosibirsk,It's,Asia/Novosibirsk
 Berdsk,It's,Asia/Novosibirsk
 Iskitim,It's,Asia/Novosibirsk
 Akademgorodok,It's,Asia/Novosibirsk
 Kuybyshev,It's,Asia/Novosibirsk
Phnom Penh,It's,Asia/Phnom_Penh
 Takeo,It's,Asia/Phnom_Penh
 Sihanoukville,It's,Asia/Phnom_Penh
 Battambang,It's,Asia/Phnom_Penh
 Siem Reap,It's,Asia/Phnom_Penh
Pontianak,It's,Asia/Pontianak
 Tanjung Pinang,It's,Asia/Pontianak
 Palangkaraya,It's,Asia/Pontianak
 Singkawang,It's,Asia/Pontianak
 Sampit,It's,Asia/Pontianak
Tomsk,It's,Asia/Tomsk
 Seversk,It's,Asia/Tomsk
 Strezhevoy,It's,Asia/Tomsk
 Kolpashevo,It's,Asia/Tomsk
 Asino,It's,Asia/Tomsk
Vientiane,It's,Asia/Vientiane
 Pakse,It's,Asia/Vientiane
 Thakhèk,It's,Asia/Vientiane
 Savannakhet,It's,Asia/Vientiane
 Luang Prabang,It's,Asia/Vientiane
Flying Fish Cove,It's,Indian/Christmas
Bandar Seri Begawan,It's,Asia/Brunei
 Kuala Belait,It's,Asia/Brunei
 Seria,It's,Asia/Brunei
 Tutong,It's,Asia/Brunei
 Bangar,It's,Asia/Brunei
Baruun-Urt,It's,Asia/Choibalsan
 Choibalsan,It's,Asia/Choibalsan
Hong Kong,It's,Asia/Hong_Kong
 Kowloon,It's,Asia/Hong_Kong
 Tsuen Wan,It's,Asia/Hong_Kong
 Yuen Long Kau Hui,It's,Asia/Hong_Kong
 Tung Chung,It's,Asia/Hong_Kong
Irkutsk,It's,Asia/Irkutsk
 Ulan-Ude,It's,Asia/Irkutsk
 Bratsk,It's,Asia/Irkutsk
 Angarsk,It's,Asia/Irkutsk
 Ust’-Ilimsk,It's,Asia/Irkutsk
Kota Bharu,It's,Asia/Kuala_Lumpur
 Kuala Lumpur,It's,Asia/Kuala_Lumpur
 Klang,It's,Asia/Kuala_Lumpur
 Kampung Baru Subang,It's,Asia/Kuala_Lumpur
 Johor Bahru,It's,Asia/Kuala_Lumpur
Kuching,It's,Asia/Kuching
 Kota Kinabalu,It's,Asia/Kuching
 Sandakan,It's,Asia/Kuching
 Tawau,It's,Asia/Kuching
 Miri,It's,Asia/Kuching
Macau,It's,Asia/Macau
Makassar,It's,Asia/Makassar
 Denpasar,It's,Asia/Makassar
 City of Balikpapan,It's,Asia/Makassar
 Banjarmasin,It's,Asia/Makassar
 Manado,It's,Asia/Makassar
Quezon City,It's,Asia/Manila
 Manila,It's,Asia/Manila
 Caloocan City,It's,Asia/Manila
 Budta,It's,Asia/Manila
 Davao,It's,Asia/Manila
Shanghai,It's,Asia/Shanghai
 Beijing,It's,Asia/Shanghai
 Tianjin,It's,Asia/Shanghai
 Guangzhou,It's,Asia/Shanghai
 Shenzhen,It's,Asia/Shanghai
Singapore,It's,Asia/Singapore
 Woodlands,It's,Asia/Singapore
Taipei,It's,Asia/Taipei
 Kaohsiung,It's,Asia/Taipei
 Taichung,It's,Asia/Taipei
 Tainan,It's,Asia/Taipei
 Banqiao,It's,Asia/Taipei
Ulan Bator,It's,Asia/Ulaanbaatar
 Erdenet,It's,Asia/Ulaanbaatar
 Darhan,It's,Asia/Ulaanbaatar
 Hovd,It's,Asia/Ulaanbaatar
 Mörön,It's,Asia/Ulaanbaatar
Perth,It's,Australia/Perth
 Rockingham,It's,Australia/Perth
 Mandurah,It's,Australia/Perth
 Bunbury,It's,Australia/Perth
 Albany,It's,Australia/Perth
Chita,It's,Asia/Chita
 Krasnokamensk,It's,Asia/Chita
 Borzya,It's,Asia/Chita
 Petrovsk-Zabaykal’skiy,It's,Asia/Chita
 Aginskoye,It's,Asia/Chita
Dili,It's,Asia/Dili
 Maliana,It's,Asia/Dili
 Suai,It's,Asia/Dili
 Likisá,It's,Asia/Dili
 Aileu,It's,Asia/Dili
Ambon,It's,Asia/Jayapura
 Jayapura,It's,Asia/Jayapura
 Sorong,It's,Asia/Jayapura
 Ternate,It's,Asia/Jayapura
 Abepura,It's,Asia/Jayapura
Pyongyang,It's,Asia/Pyongyang
 Hamhŭng,It's,Asia/Pyongyang
 Namp’o,It's,Asia/Pyongyang
 Sunch’ŏn,It's,Asia/Pyongyang
 Hŭngnam,It's,Asia/Pyongyang
Seoul,It's,Asia/Seoul
 Busan,It's,Asia/Seoul
 Incheon,It's,Asia/Seoul
 Daegu,It's,Asia/Seoul
 Daejeon,It's,Asia/Seoul
Tokyo,It's,Asia/Tokyo
 Yokohama,It's,Asia/Tokyo
 Osaka,It's,Asia/Tokyo
 Nagoya,It's,Asia/Tokyo
 Sapporo,It's,Asia/Tokyo
Yakutsk,It's,Asia/Yakutsk
 Blagoveshchensk,It's,Asia/Yakutsk
 Belogorsk,It's,Asia/Yakutsk
 Neryungri,It's,Asia/Yakutsk
 Svobodnyy,It's,Asia/Yakutsk
Koror,It's,Pacific/Palau
 Koror Town,It's,Pacific/Palau
 Kloulklubed,It's,Pacific/Palau
 Ulimang,It's,Pacific/Palau
 Mengellang,It's,Pacific/Palau
Adelaide,It's,Australia/Adelaide
 Adelaide Hills,It's,Australia/Adelaide
 Mount Gambier,It's,Australia/Adelaide
 Morphett Vale,It's,Australia/Adelaide
 Gawler,It's,Australia/Adelaide
Broken Hill,It's,Australia/Broken_Hill
Darwin,It's,Australia/Darwin
 Alice Springs,It's,Australia/Darwin
 Palmerston,It's,Australia/Darwin
 Howard Springs,It's,Australia/Darwin
Vladivostok,It's,Asia/Vladivostok
 Khabarovsk,It's,Asia/Vladivostok
 Khabarovsk Vtoroy,It's,Asia/Vladivostok
 Komsomolsk-on-Amur,It's,Asia/Vladivostok
 Ussuriysk,It's,Asia/Vladivostok
Brisbane,It's,Australia/Brisbane
 Gold Coast,It's,Australia/Brisbane
 Logan City,It's,Australia/Brisbane
 Townsville,It's,Australia/Brisbane
 Cairns,It's,Australia/Brisbane
Hobart,It's,Australia/Hobart
 Launceston,It's,Australia/Hobart
 Burnie,It's,Australia/Hobart
 Devonport,It's,Australia/Hobart
 Sandy Bay,It's,Australia/Hobart
Melbourne,It's,Australia/Melbourne
 Geelong,It's,Australia/Melbourne
 Bendigo,It's,Australia/Melbourne
 Ballarat,It's,Australia/Melbourne
 Melbourne City Centre,It's,Australia/Melbourne
Sydney,It's,Australia/Sydney
 Canberra,It's,Australia/Sydney
 Newcastle,It's,Australia/Sydney
 Wollongong,It's,Australia/Sydney
 Maitland,It's,Australia/Sydney
Weno,It's,Pacific/Chuuk
 Colonia,It's,Pacific/Chuuk
Dededo Village,It's,Pacific/Guam
 Yigo Village,It's,Pacific/Guam
 Tamuning,It's,Pacific/Guam
 Tamuning-Tumon-Harmon Village,It's,Pacific/Guam
 Mangilao Village,It's,Pacific/Guam
Port Moresby,It's,Pacific/Port_Moresby
 Lae,It's,Pacific/Port_Moresby
 Mount Hagen,It's,Pacific/Port_Moresby
 Popondetta,It's,Pacific/Port_Moresby
 Madang,It's,Pacific/Port_Moresby
Saipan,It's,Pacific/Saipan
 San Jose Village,It's,Pacific/Saipan
Magadan,It's,Asia/Magadan
 Ust-Nera,It's,Asia/Magadan
 Susuman,It's,Asia/Magadan
 Ola,It's,Asia/Magadan
Yuzhno-Sakhalinsk,It's,Asia/Sakhalin
 Korsakov,It's,Asia/Sakhalin
 Kholmsk,It's,Asia/Sakhalin
 Okha,It's,Asia/Sakhalin
 Nevel’sk,It's,Asia/Sakhalin
Arawa,It's,Pacific/Bougainville
 Buka,It's,Pacific/Bougainville
Port-Vila,It's,Pacific/Efate
 Luganville,It's,Pacific/Efate
 Isangel,It's,Pacific/Efate
 Sola,It's,Pacific/Efate
 Lakatoro,It's,Pacific/Efate
Honiara,It's,Pacific/Guadalcanal
 Malango,It's,Pacific/Guadalcanal
 Auki,It's,Pacific/Guadalcanal
 Gizo,It's,Pacific/Guadalcanal
 Buala,It's,Pacific/Guadalcanal
Tofol,It's,Pacific/Kosrae
Kingston,It's,Pacific/Norfolk
Nouméa,It's,Pacific/Noumea
 Mont-Dore,It's,Pacific/Noumea
 Dumbéa,It's,Pacific/Noumea
 Païta,It's,Pacific/Noumea
 Wé,It's,Pacific/Noumea
Kolonia,It's,Pacific/Pohnpei
 Kolonia Town,It's,Pacific/Pohnpei
 Palikir - National Government Center,It's,Pacific/Pohnpei
Anadyr,It's,Asia/Anadyr
 Bilibino,It's,Asia/Anadyr
Petropavlovsk-Kamchatsky,It's,Asia/Kamchatka
 Yelizovo,It's,Asia/Kamchatka
 Vilyuchinsk,It's,Asia/Kamchatka
 Klyuchi,It's,Asia/Kamchatka
 Mil’kovo,It's,Asia/Kamchatka
Auckland,It's,Pacific/Auckland
 Wellington,It's,Pacific/Auckland
 Christchurch,It's,Pacific/Auckland
 Manukau City,It's,Pacific/Auckland
 North Shore,It's,Pacific/Auckland
Suva,It's,Pacific/Fiji
 Lautoka,It's,Pacific/Fiji
 Nadi,It's,Pacific/Fiji
 Labasa,It's,Pacific/Fiji
 Ba,It's,Pacific/Fiji
Funafuti,It's,Pacific/Funafuti
 Savave Village,It's,Pacific/Funafuti
 Tanrake Village,It's,Pacific/Funafuti
 Toga Village,It's,Pacific/Funafuti
 Asau Village,It's,Pacific/Funafuti
Ebaye,It's,Pacific/Kwajalein
 Jabat,It's,Pacific/Kwajalein
Majuro,It's,Pacific/Majuro
 Arno,It's,Pacific/Majuro
 Jabor,It's,Pacific/Majuro
 Wotje,It's,Pacific/Majuro
 Mili,It's,Pacific/Majuro
Yaren,It's,Pacific/Nauru
 Baiti,It's,Pacific/Nauru
 Anabar,It's,Pacific/Nauru
 Uaboe,It's,Pacific/Nauru
 Ijuw,It's,Pacific/Nauru
Tarawa,It's,Pacific/Tarawa
 Betio Village,It's,Pacific/Tarawa
 Bikenibeu Village,It's,Pacific/Tarawa
Mata-Utu,It's,Pacific/Wallis
 Leava,It's,Pacific/Wallis
 Alo,It's,Pacific/Wallis
Waitangi,It's,Pacific/Chatham
Apia,It's,Pacific/Apia
 Asau,It's,Pacific/Apia
 Mulifanua,It's,Pacific/Apia
 Afega,It's,Pacific/Apia
 Leulumoega,It's,Pacific/Apia
Atafu Village,It's,Pacific/Fakaofo
 Nukunonu,It's,Pacific/Fakaofo
 Fale old settlement,It's,Pacific/Fakaofo
Nuku‘alofa,It's,Pacific/Tongatapu
 Lapaha,It's,Pacific/Tongatapu
 Neiafu,It's,Pacific/Tongatapu
 Pangai,It's,Pacific/Tongatapu
 ‘Ohonua,It's,Pacific/Tongatapu